year,month,ordinal,collectDate,picID,individualID,sex,SLmm,AFLmm,BW_fol,gonadW,GSI
2004,3,79,2004/3/20,12,11,m,22.66623707,3.641918103,0.17623,0.00056,0.317766555
2004,3,79,2004/3/20,18,17,f,22.93173707,3.45262931,0.20237,0.00604,2.98463211
2004,3,79,2004/3/20,27,26,m,19.9514181,3.394491379,0.11078,0,0
2004,3,79,2004/3/20,34,33,f,23.72325431,3.497232759,0.20068,0.00584,2.910105641
2004,3,79,2004/3/20,44,43,m,22.51556034,3.634943966,0.17393,0.00081,0.465704594
2004,3,79,2004/3/20,53,51,f,20.33532759,1.943698276,0.1261,0.00199,1.578112609
2004,3,79,2004/3/20,64,61,f,24.97691379,3.955426724,0.22996,0.00684,2.974430336
2004,3,79,2004/3/20,74,71,f,25.39443103,3.806590517,0.24896,0.00564,2.265424165
2004,3,79,2004/3/20,145,141,m,22.83755365,3.582103004,0.23145,0.00087,0.375891121
2004,3,79,2004/3/20,148,144,f,22.89699142,3.44572103,0.23203,0.00489,2.107486101
2004,3,79,2004/3/20,229,220,m,22.37754507,3.506158218,0.19235,0.00087,0.452300494
2004,3,79,2004/3/20,231,222,m,22.60409098,3.695391916,0.18061,0.00041,0.227008471
2004,3,79,2004/3/20,241,232,f,22.82036031,3.310117138,0.2046,0.00574,2.805474096
2004,3,79,2004/3/20,246,237,m,25.15520858,4.175888818,0.28215,0.00136,0.482013114
2004,3,79,2004/3/20,253,244,m,24.12180707,3.746463004,0.25452,0.00196,0.770077008
2004,3,79,2004/3/20,255,246,f,24.59141688,3.40148751,0.26846,0.00654,2.436117112
2004,3,79,2004/3/20,265,256,f,29.56929289,4.191141232,0.49644,0.02003,4.034727258
2004,3,79,2004/3/20,268,259,m,22.61717122,3.655103113,0.20289,0.00114,0.561880822
2004,3,79,2004/3/20,283,272,f,23.26580456,3.414988874,0.21787,0.00583,2.675907651
2004,3,79,2004/3/20,298,287,f,24.74437327,3.70878442,0.24861,0.00757,3.04492981
2004,3,79,2004/3/20,301,290,f,23.88002512,3.608962296,0.28942,0.00722,2.494644461
2004,3,79,2004/3/20,319,308,f,25.78302644,3.785665716,0.3053,0.00746,2.443498198
2004,3,79,2004/3/20,323,312,m,22.91231968,3.812979321,0.20756,9.00E-04,0.433609559
2004,3,79,2004/3/20,335,323,f,23.2418238,3.395658749,0.20132,0.00528,2.622690244
2004,3,79,2004/3/20,340,328,m,25.43563687,4.018667494,0.27972,0.00122,0.436150436
2004,3,79,2004/3/20,352,339,f,25.11098104,3.612718671,0.28118,0.00705,2.507290703
2004,3,79,2004/3/20,459,445,f,24.74669582,3.789291373,0.31188,0.00743,2.382326536
2004,3,79,2004/3/20,464,450,m,21.35219908,3.329597803,0.19052,0.00066,0.346420323
2004,3,79,2004/3/20,467,452,f,25.9371007,3.874554468,0.30689,0.00626,2.039818828
2004,4,108,2004/4/18,10,8,m,25.92174315,4.038606252,0.23912,0.00116,0.485112078
2004,4,108,2004/4/18,17,15,f,21.9572289,3.292931766,0.15702,0.0054,3.43905235
2004,4,108,2004/4/18,29,27,m,23.47249154,3.435901609,0.17317,0.00135,0.779580759
2004,4,108,2004/4/18,35,33,f,22.78236645,3.136903889,0.16801,0.00559,3.327182906
2004,4,108,2004/4/18,44,42,f,21.88454066,3.186173733,0.17976,0.00592,3.293279929
2004,4,108,2004/4/18,45,43,m,25.06399891,3.83984487,0.26656,0.00197,0.739045618
2004,4,108,2004/4/18,58,54,m,18.49208122,2.565811627,0.11718,0.00056,0.477897252
2004,4,108,2004/4/18,66,62,f,19.24130296,2.72361459,0.1354,0.00238,1.757754801
2004,4,108,2004/4/18,82,77,m,25.00272868,3.772913001,0.2898,0.00096,0.33126294
2004,4,108,2004/4/18,83,78,f,22.24760114,3.160777884,0.23471,0.00862,3.672617272
2004,4,108,2004/4/18,119,105,m,22.5009139,3.253805237,0.21276,0.00101,0.474713292
2004,4,108,2004/4/18,133,118,f,21.16274181,2.756803181,0.18318,0.0065,3.548422317
2004,4,108,2004/4/18,140,123,m,22.73321379,3.584115144,0.20584,0.00193,0.937621454
2004,4,108,2004/4/18,153,136,f,24.22189256,3.525156764,0.23827,0.00964,4.045830361
2004,4,108,2004/4/18,170,153,f,24.07392363,3.46619314,0.22842,0.01104,4.833201996
2004,4,108,2004/4/18,174,157,m,22.31330939,3.453736959,0.17451,0.00125,0.71629133
2004,4,108,2004/4/18,187,169,f,25.46203776,3.634742307,0.28163,0.01432,5.08468558
2004,4,108,2004/4/18,190,172,m,23.48261432,3.669493739,0.20606,0.00139,0.674560808
2004,4,108,2004/4/18,201,183,f,25.64779743,3.711345564,0.2926,0.01043,3.564593301
2004,4,108,2004/4/18,206,188,m,23.36968265,3.581241045,0.23597,0.00051,0.216129169
2004,4,108,2004/4/18,231,211,f,23.29174986,3.323398243,0.23918,0.00966,4.038799231
2004,4,108,2004/4/18,239,219,m,22.54290292,3.680961593,0.21482,0.00163,0.758774788
2004,4,108,2004/4/18,260,240,f,24.48866448,3.573445964,0.27438,0.00748,2.726146221
2004,4,108,2004/4/18,282,262,m,24.03361086,3.855381329,0.27076,0.00134,0.494903235
2004,4,108,2004/4/18,328,304,m,25.89479062,4.290178609,0.31307,0.00403,1.287252052
2004,4,108,2004/4/18,337,313,f,22.64497399,3.126249283,0.23755,0.00993,4.180172595
2004,4,108,2004/4/18,345,321,m,27.19453339,4.478774305,0.37463,0.00214,0.571230281
2004,4,108,2004/4/18,365,340,f,24.99640051,3.423586439,0.28753,0.00916,3.18575453
2004,4,108,2004/4/18,368,343,m,26.60931612,4.235983724,0.34654,0.00314,0.906100306
2004,4,108,2004/4/18,377,352,f,24.33607673,3.474386563,0.24241,0.00839,3.461078338
2004,5,136,2004/5/16,5,3,f,20.05180769,2.820912187,0.15864,0.00691,4.35577408
2004,5,136,2004/5/16,6,4,m,19.23198225,3.558217304,0.13443,0.00105,0.781075653
2004,5,136,2004/5/16,9,7,f,24.36847517,3.408044001,0.27006,0.02074,7.679774865
2004,5,136,2004/5/16,43,40,m,19.970708,3.403464,0.15912,0.00108,0.678733032
2004,5,136,2004/5/16,53,50,f,24.107696,3.401072,0.29767,0.03865,12.98417711
2004,5,136,2004/5/16,59,56,m,22.69835,3.949814,0.22654,0.0032,1.412554074
2004,5,136,2004/5/16,66,62,m,22.62857,4.305278,0.22243,0.00229,1.029537383
2004,5,136,2004/5/16,71,67,f,25.053422,3.663224,0.34447,0.04622,13.41771417
2004,5,136,2004/5/16,76,72,f,21.444858,2.956818,0.2013,0.01308,6.497764531
2004,5,136,2004/5/16,81,77,m,21.991984,3.67267,0.20839,0.00195,0.935745477
2004,5,136,2004/5/16,84,80,f,21.434214,3.021348,0.21067,0.01419,6.735652917
2004,5,136,2004/5/16,85,81,m,22.783936,4.063754,0.25603,0.00104,0.406202398
2004,5,136,2004/5/16,92,88,f,23.144688,2.995702,0.24,0.02164,9.016666667
2004,5,136,2004/5/16,93,89,m,22.899092,3.687526,0.23863,0.00155,0.649541131
2004,5,136,2004/5/16,99,95,m,22.095286,4.059824,0.23764,0.00181,0.761656287
2004,5,136,2004/5/16,107,102,f,23.67374746,3.403508624,0.26917,0.0232,8.619088309
2004,5,136,2004/5/16,156,150,m,21.02899603,3.807323351,0.19982,0.00163,0.815734161
2004,5,136,2004/5/16,158,152,f,23.8964914,2.986348721,0.25357,0.02082,8.210750483
2004,5,136,2004/5/16,191,181,f,22.92286442,2.853306092,0.2054,0.002,0.973709834
2004,5,136,2004/5/16,213,203,m,25.68965164,4.196433583,0.30558,0.00306,1.001374435
2004,5,136,2004/5/16,237,226,m,22.88507487,3.745979835,0.24433,0.00218,0.89223591
2004,5,136,2004/5/16,239,228,f,24.80793474,3.539062725,0.30263,0.03495,11.54875591
2004,5,136,2004/5/16,250,238,f,22.19022926,3.062147951,0.22128,0.02003,9.051879971
2004,5,136,2004/5/16,256,244,m,20.58415266,3.302828755,0.15992,0.00135,0.844172086
2004,5,136,2004/5/16,271,259,f,22.82406319,3.087873212,0.23526,0.01572,6.681968885
2004,5,136,2004/5/16,272,260,m,21.01529824,3.474410136,0.17366,0.00195,1.122883796
2004,5,136,2004/5/16,283,270,f,24.59662959,3.390297269,0.32015,0.04372,13.6560987
2004,5,136,2004/5/16,284,271,m,22.91617365,3.722451902,0.24962,0.0024,0.961461421
2004,6,152,2004/6/1,3,2,f,21.84882465,2.941892693,0.23082,0.02686,11.63677324
2004,6,152,2004/6/1,5,4,m,25.61538306,3.940248728,0.27416,0.00141,0.51429822
2004,6,152,2004/6/1,8,7,m,21.08222343,3.673699519,0.17471,0.00177,1.013107435
2004,6,152,2004/6/1,14,12,f,23.6813298,2.916525383,0.28871,0.03198,11.07685913
2004,6,152,2004/6/1,21,16,f,25.34560637,3.484442597,0.35372,0.04112,11.62501414
2004,6,152,2004/6/1,23,18,m,24.73131604,4.087939009,0.28622,0.00107,0.373838306
2004,6,152,2004/6/1,27,22,m,22.89017049,4.386073908,0.23486,0.0025,1.064463936
2004,6,152,2004/6/1,29,24,m,23.33138446,4.088224393,0.24332,0.00157,0.645240835
2004,6,152,2004/6/1,38,33,f,23.38704384,3.046298393,0.43508,0.01295,2.976464099
2004,6,152,2004/6/1,56,49,m,20.98578739,4.369240313,0.19444,0.00248,1.275457725
2004,6,152,2004/6/1,59,52,f,20.69212411,2.85590599,0.18904,0.02656,14.04993652
2004,6,152,2004/6/1,63,56,m,21.71406567,4.50941113,0.23594,0.00111,0.470458591
2004,6,152,2004/6/1,65,57,f,21.40014432,2.914647033,0.19738,0.01922,9.737562063
2004,6,152,2004/6/1,68,60,f,18.26884787,2.630997959,0.11336,0.00301,2.655257586
2004,6,152,2004/6/1,73,65,f,20.54137588,2.875355185,0.18156,0.01919,10.5695087
2004,6,152,2004/6/1,76,68,f,19.53978027,2.678482515,0.11978,0.00795,6.637168142
2004,6,152,2004/6/1,78,70,m,21.33573908,4.472250345,0.22389,0.0017,0.759301443
2004,6,152,2004/6/1,84,75,m,21.12631571,4.020057557,0.19497,0.00144,0.738575165
2004,6,152,2004/6/1,91,82,m,19.24671018,3.519251767,0.14508,0.00066,0.454921423
2004,6,170,2004/6/19,241,212,f,24.93406046,3.435133771,0.34631,0.0537,15.50633825
2004,6,170,2004/6/19,243,214,m,25.22011648,4.772841999,0.32642,0.00491,1.504197047
2004,6,170,2004/6/19,244,215,f,27.83218342,3.821690677,0.45172,0.07005,15.50739396
2004,6,170,2004/6/19,247,217,m,24.47513105,4.970294723,0.30782,0.00391,1.270222858
2004,6,170,2004/6/19,248,218,m,25.03231013,5.019609366,0.32407,0.00365,1.126299873
2004,6,170,2004/6/19,249,219,f,25.60671502,3.334562964,0.34259,0.05306,15.48790099
2004,6,170,2004/6/19,251,220,m,26.14792213,4.992039762,0.38517,0.00648,1.682374017
2004,6,170,2004/6/19,252,221,m,24.03259742,4.663146041,0.22225,0.00463,2.083239595
2004,6,170,2004/6/19,255,223,m,25.29862676,5.094163787,0.33347,0.00351,1.052568447
2004,6,170,2004/6/19,256,224,m,24.24549643,4.896516911,0.28032,0.00369,1.31635274
2004,6,170,2004/6/19,260,226,f,25.929746,3.436298684,0.30248,0.05713,18.88719915
2004,6,170,2004/6/19,261,227,m,23.23630171,4.576554188,0.28837,0.00335,1.16170198
2004,6,170,2004/6/19,262,228,m,22.82226685,4.541606803,0.24271,0.00301,1.240163158
2004,6,170,2004/6/19,264,229,f,24.62563823,3.428532598,0.3046,0.04076,13.38148391
2004,6,170,2004/6/19,266,231,f,24.74816028,3.5331806,0.30384,0.04603,15.14942075
2004,6,170,2004/6/19,267,232,m,22.05221611,4.424921368,0.2275,0.00402,1.767032967
2004,6,170,2004/6/19,271,236,f,25.44231977,3.549295228,0.36907,0.05992,16.2354025
2004,6,170,2004/6/19,273,238,f,22.39573448,3.256902108,0.22527,0.0342,15.18178186
2004,6,170,2004/6/19,274,239,f,24.28952578,3.500174737,0.33971,0.05534,16.29036531
2004,7,194,2004/7/13,479,457,m,16.35539915,2.211707145,0.069659375,0.00023,0.330178099
2004,7,194,2004/7/13,488,466,f,30.24823608,4.159409645,0.54991897,0.09275,16.8661212
2004,7,194,2004/7/13,489,467,f,13.28371687,1.825360018,0.036222875,0.00032,0.883419662
2004,7,194,2004/7/13,491,469,m,25.04337823,4.761968066,0.277411495,0.00287,1.034564195
2004,7,194,2004/7/13,492,470,f,27.73324349,3.880453895,0.40948567,0.0538,13.1384329
2004,7,194,2004/7/13,506,479,m,24.94025426,5.42447659,0.26437126,0.00366,1.384416748
2004,7,194,2004/7/13,507,480,f,31.24871361,4.543166785,0.575219255,0.11004,19.13009675
2004,7,194,2004/7/13,508,481,m,24.95175542,5.239867182,0.40458165,0.00501,1.238316172
2004,7,194,2004/7/13,509,482,i,13.97316531,2.102825476,0.040458165,0,0
2004,7,194,2004/7/13,516,487,m,18.54175515,3.185216436,0.10499061,0.00096,0.914367485
2004,7,194,2004/7/13,519,490,f,15.72075692,2.183093861,0.059851335,0.00036,0.601490343
2004,7,194,2004/7/13,522,493,f,17.73958491,2.426886492,0.091727465,0.00078,0.850345096
2004,7,194,2004/7/13,525,496,f,17.19275168,2.471889537,0.0802476,0.00099,1.233681755
2004,7,194,2004/7/13,539,507,m,19.48263657,3.417018237,0.12661288,0.00155,1.224204046
2004,7,194,2004/7/13,540,508,f,17.91085791,2.620249246,0.09518257,0.00125,1.313265654
2004,7,194,2004/7/13,679,646,m,17.7356065,2.685683826,0.09161601,3.00E-04,0.327453684
2004,7,194,2004/7/13,680,647,f,18.84972564,2.93999556,0.116024655,0.00129,1.111832653
2004,7,194,2004/7/13,682,649,m,17.35408714,2.565227026,0.088829635,0,0
2004,7,194,2004/7/13,683,650,f,12.03309758,1.622566453,0.02697211,0.00069,2.558198079
2004,7,194,2004/7/13,684,651,i,17.60236221,2.508059814,0.084371435,0,0
2004,7,194,2004/7/13,685,652,m,15.83097644,2.232305932,0.060297155,0.00033,0.547289503
2004,7,194,2004/7/13,686,653,f,11.2891536,1.438174252,0.021510815,0,0
2004,7,194,2004/7/13,687,654,m,27.55909082,5.64686084,0.394662155,0.00698,1.768601299
2004,7,194,2004/7/13,688,655,f,24.79257383,3.727054907,0.307950165,0.05231,16.98651468
2004,7,194,2004/7/13,708,675,m,25.36344214,4.943682022,0.290786095,0.00389,1.3377531
2004,7,194,2004/7/13,709,676,m,16.14531919,2.093975738,0.066538635,0,0
2004,7,194,2004/7/13,710,677,m,14.04385045,2.104292932,0.05171512,0.00036,0.696121366
2004,7,194,2004/7/13,711,678,f,12.11602222,1.568484131,0.0267492,0,0
2004,7,194,2004/7/13,712,679,f,14.95198278,2.080378134,0.05483586,0.00151,2.753672506
2004,7,194,2004/7/13,713,680,i,14.19980519,1.971547927,0.04480491,0,0
2004,7,194,2004/7/13,714,681,m,13.23656355,1.717149294,0.03432814,0,0
2004,7,194,2004/7/13,715,682,f,16.74292253,2.448978866,0.0757894,0.00042,0.554167205
2004,7,194,2004/7/13,716,683,f,30.37555457,4.11293852,0.59249478,0.09335,15.75541307
2004,7,194,2004/7/13,762,728,i,13.25809504,1.899910098,0.03700306,0,0
2004,7,194,2004/7/13,763,729,i,10.07980155,1.237891986,0.01471206,0,0
2004,7,194,2004/7/13,764,730,i,13.03187895,1.402355778,0.029535575,0,0
2004,7,194,2004/7/13,765,731,f,10.70518654,1.275102963,0.017052615,0,0
2004,7,194,2004/7/13,766,732,f,12.99415498,1.692342739,0.03410523,0.00035,1.026235566
2004,8,224,2004/8/12,1187,1120,f,19.31353859,2.880482763,0.121151585,0.00169,1.394946669
2004,8,224,2004/8/12,1197,1130,f,15.28355959,2.04761489,0.062303345,0.00014,0.224707036
2004,8,224,2004/8/12,1207,1140,m,19.1400601,2.927957723,0.137424015,0,0
2004,8,224,2004/8/12,1216,1149,f,18.37431589,2.587437923,0.11992558,0.00133,1.109021111
2004,8,224,2004/8/12,1228,1161,m,21.25891471,3.50541577,0.181783105,0.00032,0.176033961
2004,8,224,2004/8/12,1248,1176,f,17.69179513,2.455505868,0.098637675,0.00035,0.354833992
2004,8,224,2004/8/12,1257,1183,m,18.05930706,2.814775938,0.10075532,0.00013,0.129025445
2004,8,224,2004/8/12,1272,1197,f,15.39714675,2.065829216,0.06130025,0.00065,1.060354566
2004,8,224,2004/8/12,1291,1215,f,16.88736741,2.104458164,0.080804875,5.00E-04,0.618774548
2004,8,224,2004/8/12,1308,1226,f,13.33026513,1.801719545,0.37136806,0.00025,0.06731866
2004,8,224,2004/8/12,1327,1244,i,16.68475886,2.436611379,0.0824767,0,0
2004,8,224,2004/8/12,1336,1252,m,16.60485632,2.38973278,0.091281645,0,0
2004,8,224,2004/8/12,1340,1256,f,20.21962626,2.962228953,0.15313917,0.00113,0.7378909
2004,8,224,2004/8/12,1354,1268,m,17.77873684,2.717739359,0.09674294,0.00041,0.423803535
2004,8,224,2004/8/12,1358,1272,m,21.11789188,3.530110586,0.17855091,0.00063,0.352840543
2004,8,224,2004/8/12,1360,1274,f,18.18646626,2.22370384,0.107554075,0.00056,0.520668324
2004,8,224,2004/8/12,1368,1282,f,21.62559718,3.061144514,0.19682953,0.00323,1.641013927
2004,8,224,2004/8/12,1385,1298,m,23.85879126,4.36609273,0.2585756,0.00174,0.672917321
2004,8,224,2004/8/12,1392,1305,f,22.3562261,2.939688651,0.211207225,0.00267,1.264161299
2004,8,224,2004/8/12,1417,1330,m,17.48631943,2.691232947,0.10944881,0.00016,0.146187062
2004,8,224,2004/8/12,1425,1338,f,20.00821795,2.927189215,0.15313917,0.00114,0.744420908
2004,8,224,2004/8/12,1431,1344,m,25.82972851,5.36903997,0.345621955,0.00108,0.312480149
2004,8,224,2004/8/12,1443,1356,f,22.21499972,3.274123069,0.21421651,0.00199,0.92896668
2004,8,224,2004/8/12,1448,1361,m,22.91362333,3.964801226,0.220123625,0.00068,0.308917319
2004,8,224,2004/8/12,1449,1362,f,28.07207956,4.240017133,0.41550424,0.00918,2.209363736
2004,8,224,2004/8/12,1457,1370,m,19.35066643,3.063975315,0.126724335,0.00054,0.426121786
2004,8,224,2004/8/12,1468,1381,m,25.57269022,6.101512832,0.32255077,0.00389,1.206011692
2004,8,224,2004/8/12,1476,1389,f,29.12978751,3.855499095,0.563182115,0.01851,3.286681077
2004,8,224,2004/8/12,1507,1418,f,24.7362023,3.330394058,0.27618549,0.00452,1.63658127
2004,8,224,2004/8/12,1532,1440,m,29.60427837,5.628431993,0.5483586,0.00223,0.406668191
2004,8,224,2004/8/12,1549,1457,f,15.11803203,1.961370125,0.056953505,0,0
2004,8,224,2004/8/12,1555,1463,f,13.03772308,1.719700578,0.035999965,0.00018,0.500000486
2004,8,224,2004/8/12,1557,1465,m,20.83998304,3.568682403,0.15848901,0.00045,0.283931359
2004,8,224,2004/8/12,1571,1478,i,16.72508746,2.165038381,0.04569655,0,0
2004,8,224,2004/8/12,1633,1539,i,13.58946528,1.582898282,0.04034671,0,0
2004,8,224,2004/8/12,1653,1559,m,13.95944947,2.063786209,0.086600535,0.00046,0.531174548
2004,8,224,2004/8/12,1654,1560,m,20.45900745,3.366992442,0.16539922,0.00065,0.392988552
2004,9,256,2004/9/13,570,555,f,17.82672974,2.681172141,0.114018465,0.00148,1.298035366
2004,9,256,2004/9/13,582,567,f,22.13456175,3.17549609,0.184903845,0.00454,2.455330229
2004,9,256,2004/9/13,629,613,f,17.58315813,2.808162132,0.094625295,0,0
2004,9,256,2004/9/13,634,618,f,18.12500186,2.711934237,0.104879155,0.00232,2.212069691
2004,9,256,2004/9/13,636,620,i,19.77701249,3.115007352,0.13619801,8.00E-04,0.587380095
2004,9,256,2004/9/13,646,629,m,23.02837242,3.888290825,0.235058595,0.00225,0.957208138
2004,9,256,2004/9/13,657,640,f,19.01672773,2.755294351,0.126947245,0.00121,0.953151839
2004,9,256,2004/9/13,675,658,m,18.14762513,2.697146294,0.098860585,0.00079,0.799105124
2004,9,256,2004/9/13,676,659,f,17.74140797,2.495925133,0.09830331,0,0
2004,9,256,2004/9/13,677,660,m,22.92211148,3.912973103,0.20752921,0.00158,0.761338609
2004,9,256,2004/9/13,685,667,f,19.54362681,2.969196843,0.14578314,0.00318,2.181322202
2004,9,256,2004/9/13,696,678,f,19.2878678,2.508414052,0.134972005,0.00193,1.429926154
2004,9,256,2004/9/13,735,716,m,17.62309152,2.653560729,0.101312595,0.00032,0.315854115
2004,9,256,2004/9/13,745,726,m,19.28131257,2.968416518,0.135640735,0.00045,0.331758745
2004,9,256,2004/9/13,753,734,f,21.66992119,3.043410154,0.197832625,0.00236,1.192927607
2004,9,256,2004/9/13,755,736,m,24.0325927,3.783556226,0.25679232,0.00105,0.408890733
2004,9,256,2004/9/13,760,741,f,22.33812189,3.249006285,0.214327965,0.00424,1.97827661
2004,9,256,2004/9/13,764,745,m,21.81136588,3.554463394,0.192259875,0.00153,0.795797875
2004,9,256,2004/9/13,766,747,m,21.10150128,3.274265239,0.16629086,0.00098,0.589328842
2004,9,256,2004/9/13,769,750,f,20.62078416,3.046738854,0.1694116,0.00213,1.257292889
2004,9,256,2004/9/13,771,752,m,20.94898426,3.095886119,0.18612985,0.00102,0.548004525
2004,9,256,2004/9/13,774,755,f,25.26935108,3.774940769,0.332247355,0.00643,1.935305098
2004,9,256,2004/9/13,776,757,m,28.33040748,5.521333046,0.430996485,0.00264,0.612533998
2004,9,256,2004/9/13,777,758,m,20.24724579,3.225705391,0.15804319,0.00058,0.36698829
2004,9,256,2004/9/13,779,760,f,20.36714807,2.973703276,0.17253234,0.00233,1.350471454
2004,9,256,2004/9/13,785,766,m,20.68453957,3.179495213,0.184903845,6.00E-04,0.324492982
2004,9,256,2004/9/13,786,767,f,24.56451685,3.48456071,0.305498155,0.00821,2.687413939
2004,9,256,2004/9/13,792,773,m,24.2091929,4.497855926,0.29468702,0.00151,0.512408046
2004,9,256,2004/9/13,794,775,f,23.54058481,3.421119618,0.251999755,0.00496,1.968255882
2004,9,256,2004/9/13,797,778,f,21.89480191,3.061424292,0.20775212,0.00379,1.824289446
2004,9,256,2004/9/13,801,782,m,21.44954929,3.609093223,0.188916225,0.00066,0.349361205
2004,9,256,2004/9/13,803,784,m,22.50701122,3.651387284,0.235058595,0,0
2004,9,256,2004/9/13,808,789,f,25.41513535,3.570715279,0.31029072,0.00447,1.440584494
2004,9,256,2004/9/13,810,791,i,30.00641785,3.825262869,0.565411215,0.01942,3.434668341
2004,9,256,2004/9/13,811,792,i,31.44270437,3.935305751,0.60921303,0.01583,2.598434246
2004,10,286,2004/10/13,233,223,f,29.88187407,4.068245738,0.554711535,0.01617,2.915028619
2004,10,286,2004/10/13,234,224,m,21.97229782,3.305678093,0.200730455,0.00175,0.871815889
2004,10,286,2004/10/13,244,234,m,25.17261589,4.528135266,0.311516725,0.00203,0.651650405
2004,10,286,2004/10/13,259,249,f,23.91393841,3.449357221,0.276296945,0.00619,2.240343265
2004,10,286,2004/10/13,268,257,m,23.81279154,3.801754859,0.254897585,0.00326,1.278945032
2004,10,286,2004/10/13,290,279,f,23.73838246,3.443652149,0.270947105,0.0109,4.022925434
2004,10,286,2004/10/13,302,291,m,22.88386453,3.545588742,0.2206809,0.00292,1.323177493
2004,10,286,2004/10/13,303,292,f,24.02228616,3.388939473,0.26058179,0.00553,2.122174385
2004,10,286,2004/10/13,310,299,m,23.07774751,3.486172737,0.226142195,0.00125,0.552749565
2004,10,286,2004/10/13,313,302,f,31.1851865,4.13946675,0.580346185,0.02102,3.62197608
2004,10,286,2004/10/13,321,310,m,23.03588438,3.722883643,0.22759111,0.00168,0.738165915
2004,10,286,2004/10/13,325,314,f,30.38882413,4.149869316,0.57599944,0.02083,3.61632296
2004,10,286,2004/10/13,327,316,m,20.37349843,3.304197848,0.15782028,0,0
2004,10,286,2004/10/13,354,343,m,24.39344265,4.026444849,0.30338051,0.00237,0.781197184
2004,10,286,2004/10/13,370,359,m,24.95614991,4.046242404,0.30650125,0.00302,0.985314089
2004,10,286,2004/10/13,388,377,f,22.92839444,3.299317511,0.23739915,0.00546,2.299923989
2004,10,286,2004/10/13,407,394,m,21.42133593,3.600554522,0.18746731,0.00152,0.810808028
2004,10,286,2004/10/13,408,395,m,25.97574935,4.724284146,0.37738663,0.00289,0.765792895
2004,10,286,2004/10/13,409,396,f,25.81183238,3.57662915,0.324222595,0.01169,3.605547602
2004,10,286,2004/10/13,414,401,m,18.66620844,2.680237995,0.120259945,6.00E-04,0.498919237
2004,10,286,2004/10/13,417,404,f,21.53851739,3.084167665,0.18635276,0.00544,2.919194757
2004,10,286,2004/10/13,421,408,f,20.16401571,2.972448164,0.155256815,0.00303,1.951605152
2004,10,286,2004/10/13,423,410,f,23.7243887,3.266633235,0.253337215,0.00576,2.273649373
2004,10,286,2004/10/13,431,418,f,24.95957063,3.555228556,0.30115141,0.00789,2.619944565
2004,10,286,2004/10/13,432,419,f,22.87730042,3.369723184,0.243529175,0.00767,3.14951997
2004,10,286,2004/10/13,435,422,f,22.20713056,3.080796777,0.215442515,0.00877,4.070691432
2004,10,286,2004/10/13,440,427,f,25.30150577,3.686216918,0.347405235,0.01283,3.693093456
2004,10,286,2004/10/13,441,428,m,18.04835221,2.916515806,0.113349735,0.00094,0.829291749
2004,10,286,2004/10/13,444,431,f,24.77700438,3.550004744,0.29268083,0.00897,3.064771957
2004,10,286,2004/10/13,450,436,m,17.85299169,2.726168049,0.11435283,0.00054,0.472222681
2004,10,286,2004/10/13,451,437,f,29.20017968,3.999043527,0.450612565,0.01617,3.588448538
2004,10,286,2004/10/13,453,439,m,25.10573671,3.993606735,0.338265925,0.00231,0.682894678
2004,10,286,2004/10/13,456,442,f,28.40167789,4.028812289,0.455516585,0.01065,2.338004883
2004,10,286,2004/10/13,457,443,f,27.40379414,3.929360422,0.44671164,0.0136,3.044469582
2004,10,286,2004/10/13,470,456,m,27.28191937,4.516526261,0.42531228,0.00176,0.413813587
2004,10,286,2004/10/13,475,461,m,25.8875796,5.273572503,0.346290685,0.0021,0.606426939
2004,10,286,2004/10/13,481,467,m,16.48078439,3.250845626,0.080581965,0.00062,0.76940293
2004,10,286,2004/10/13,487,473,f,20.33985955,3.929360422,0.16227848,0.00568,3.500156028
2004,11,316,2004/11/12,4,3,m,22.83079574,3.570392048,0.13976457,0,0
2004,11,316,2004/11/12,7,6,m,25.28484786,4.034380582,0.306166885,0.00213,0.695699014
2004,11,316,2004/11/12,12,10,m,22.3295685,3.732106413,0.20686048,0.0011,0.531759377
2004,11,316,2004/11/12,15,13,f,17.2869134,2.429016205,0.083702705,0.00085,1.015498842
2004,11,316,2004/11/12,18,16,m,28.62152368,5.679254415,0.44225344,0.00192,0.434140207
2004,11,316,2004/11/12,20,18,m,24.60419361,4.093420075,0.279863505,0,0
2004,11,316,2004/11/12,28,26,m,25.61698974,4.301235431,0.34528759,0.00337,0.975998008
2004,11,316,2004/11/12,31,29,m,22.74242938,3.492351431,0.227479655,0.00089,0.39124378
2004,11,316,2004/11/12,36,34,f,24.65637512,3.674542311,0.285659165,0.01127,3.94526113
2004,11,316,2004/11/12,42,39,m,21.26575208,3.002607187,0.196049345,0.00127,0.647796094
2004,11,316,2004/11/12,45,42,m,19.73222651,3.009282236,0.16539922,0,0
2004,11,316,2004/11/12,68,65,m,25.20981171,4.102910696,0.329126615,0.00229,0.695780862
2004,11,316,2004/11/12,69,66,m,18.35410214,2.844887512,0.123603595,0,0
2004,11,316,2004/11/12,78,75,m,24.63376108,4.285916818,0.290786095,0.00303,1.042003057
2004,11,316,2004/11/12,83,78,m,23.27536754,3.830160236,0.29112046,9.00E-04,0.309150377
2004,11,316,2004/11/12,90,85,m,22.99523108,3.491691177,0.236396055,0.00178,0.752973648
2004,11,316,2004/11/12,111,106,m,29.87694753,5.680955075,0.49084782,0.00153,0.311705571
2004,11,316,2004/11/12,121,115,m,28.61911546,4.897600471,0.43289122,0.0014,0.323406883
2004,11,316,2004/11/12,136,130,m,26.59758297,4.90871638,0.35955383,0.00112,0.311497169
2004,11,316,2004/11/12,147,139,f,26.09726939,3.594357839,0.333361905,0.00884,2.651772703
2004,11,316,2004/11/12,219,207,f,19.50257412,2.8721481,0.14333113,0.00256,1.786073967
2004,11,316,2004/11/12,223,211,f,20.82124153,3.003321298,0.17364689,0.00366,2.107725626
2004,11,316,2004/11/12,230,218,m,17.06834945,2.428580567,0.08938691,0,0
2004,11,316,2004/11/12,232,220,f,17.26657242,2.37936504,0.10387606,0.00161,1.549924015
2004,11,316,2004/11/12,264,252,f,23.55468897,3.320273031,0.261139065,0.00729,2.79161603
2004,11,316,2004/11/12,267,255,f,18.94527825,2.690652805,0.12973362,0.00152,1.171631532
2004,11,316,2004/11/12,274,262,f,25.50146079,3.778460394,0.31764675,0.0119,3.746299939
2004,11,316,2004/11/12,281,269,f,24.27897156,3.280714657,0.26682327,0.01215,4.553575856
2004,11,316,2004/11/12,285,273,f,30.2456664,4.275695559,0.5260676,0.01775,3.374091086
2004,11,316,2004/11/12,286,274,f,33.29651059,4.422211733,0.679541135,0.00771,1.134589152
2004,11,316,2004/11/12,288,276,f,30.58050999,4.340172609,0.55660627,0.02103,3.778254241
2004,11,316,2004/11/12,292,280,f,25.27350149,3.948105263,0.3098449,0.01261,4.069778137
2004,11,316,2004/11/12,295,283,f,27.94270433,3.806015368,0.395999615,0.01764,4.454549785
2004,11,316,2004/11/12,308,296,f,25.69239669,3.671699274,0.326451695,0.00941,2.882509157
2004,11,316,2004/11/12,352,339,f,21.46795696,3.066544765,0.17476144,0.00326,1.865400056
2004,11,316,2004/11/12,362,349,f,25.78252748,3.746789061,0.344953225,0.01105,3.203332858
2004,11,316,2004/11/12,371,358,f,26.10040301,3.649756614,0.35554145,0.01007,2.832299863
2004,11,316,2004/11/12,374,361,f,23.65761385,3.269730414,0.22246418,0.00718,3.227485881
2004,11,316,2004/11/12,384,371,f,22.90002293,2.94529096,0.237064785,0.01478,6.234582669
